massa,constante_de_arrasto,tempo,velocidade,posicao
4.370861069626263,0.2666196359547577,2.6170568373590597,23.728927576605194,31.875755227528032
9.556428757689245,0.5877108526405224,2.469787990719998,22.478311670107523,28.46076193636617
7.587945476302646,0.8856512522887674,9.062545805210366,54.8642869713495,291.6365284949164
6.387926357773329,0.759002397768605,2.495461998495061,21.184788484362112,27.737262554920335
2.4041677639819286,0.8259050330753047,2.71949726128631,17.336937461420366,27.19214095379597
2.403950683025824,0.6929050300396457,7.593982624179637,30.22122277461424,153.60937945527053
1.5227525095137953,0.7230489080660673,4.4973984245054,18.218303827037026,54.54828623655539
8.795585311974417,0.8642760864087874,7.767105569551812,53.295200771320395,233.05032867315128
6.41003510568888,0.32470120797326735,0.6536615756438524,6.30742030499857,2.0728352106946772
7.372653200164409,0.5404824672788264,4.875711936733843,40.21616586730451,103.86936532201219
1.185260448662222,0.299088497637642,0.3361360018328263,3.1615181264505314,0.5388606954668909
9.72918866945795,0.9889012071969823,0.6265320345535452,5.954663304691415,1.885191116857385
8.491983767203795,0.949653405717952,9.06437453344411,55.88939813417971,295.37954743259405
2.9110519961044856,0.13548413023165531,1.3924537111759516,13.226751588567103,9.30827808732596
2.636424704863906,0.7350176552641197,5.324206822752171,27.21218091780568,89.73775271861821
2.650640588680904,0.9327234856740992,4.110956026007066,21.316561422696076,54.02861636156102
3.7381801866358395,0.2625178106146002,3.4734332625884266,30.23683505981145,54.64557079387197
5.72280788469014,0.6111507074973666,8.998333456872725,56.72133798186432,295.4554821225696
4.887505167779041,0.9239394678292376,0.218233967754895,2.09731519145555,0.2304262237913992
3.6210622617823773,0.13055138072721897,6.637896861755891,57.91193697146255,199.8658568844378
6.506676052501415,0.7276782405221559,9.633944342135504,57.852365183076664,327.77235264532055
2.2554447458683766,0.3676141066352957,5.60168183461842,36.03375915179812,116.0732712983812
3.629301836816963,0.9319565758388774,9.368224620330919,34.756695179644254,222.54104335571733
4.297256589643226,0.973952420648831,0.5225787928602377,4.834545979386004,1.288145639543778
5.104629857953324,0.9498398402020906,4.187933190741614,28.53558754629177,67.43566851800477
8.066583652537123,0.5267927949917174,2.6015779096205116,23.471198940724218,31.395186367514327
2.7970640394252375,0.8758383858903821,7.3082096498072975,28.15141220316949,139.05546102259453
5.628109945722504,0.8600944586815633,9.812970904972467,49.864046004132796,303.63065887682393
6.331731119758382,0.38719042591893005,2.565300624442478,23.291022558427084,30.65498006494613
1.4180537144799796,0.8460239267356096,6.5417460147407445,16.111040116161988,80.56108810217326
6.467903667112945,0.13330687124394336,1.9809763275974013,19.042000095243292,18.98921712205913
2.5347171131856236,0.6366428906338477,5.653302545716099,29.616021225451618,102.89030618396568
1.5854643368675156,0.30700795355893273,4.639324866883362,30.030007003984352,79.95165541198264
9.539969835279999,0.20851019719955094,9.72005329631537,85.90569559951194,432.2757162849166
9.690688297671034,0.16925788146628823,6.085272726964666,56.63355645764865,175.36718247878525
8.275576133048151,0.7266598982903257,3.495063720868188,29.5247310079992,54.230326214482034
3.741523922560336,0.4058874673912596,1.1409578488793337,10.527827944399561,6.129767359386676
1.8790490260574548,0.7522900943758853,1.5124682873493456,11.129652366572314,9.260892630847945
7.158097238609412,0.15882070671904813,2.2531692995123507,21.56017892814558,24.491738525025994
4.961372443656412,0.38376130404754927,2.50966661340298,22.37760553274845,28.988092271375535
2.0983441136030097,0.5855421631378035,8.506160578411379,31.88066139196583,184.78710254657568
5.456592191001432,0.8116508483550672,5.612227882825249,37.33084302308921,119.1629512722869
1.3094966900369656,0.38687725263886297,5.233909113743664,26.13101517374291,85.34275157303814
9.18388361870904,0.6633022387933082,1.1476887186921747,10.804827054956338,6.285937638269758
3.3290198344001523,0.8973799734125684,8.60139693349435,32.81091112460181,191.3052877601583
6.962700559185838,0.6542768693640741,7.228143032084837,51.46610719247485,206.89812397948788
3.8053996848046987,0.3096635272782704,0.6766836190000158,6.4588073473522165,2.205338991450148
5.680612190600297,0.12196070340088422,7.078350972297686,64.41976598887446,233.76530097399473
5.920392514089517,0.8830889865108369,5.4353821734264605,36.53238507799445,112.55465582916815
2.6636900997297435,0.11914246976534842,0.8172534574677826,7.872492692982112,3.2365092082404487
9.726261649881026,0.8872315054157794,4.583006415286564,36.744842654130395,90.05078408947122
7.976195410250031,0.5760434206244908,4.8469628713004695,40.11821032245917,102.8864865777457
9.455490474077703,0.9451609286616065,1.6577454016327575,14.986523470777431,12.764828761247998
9.053446153848839,0.8189049121962988,9.456981470002823,62.34959796735461,336.3473846282392
6.381099809299767,0.9981406994800037,8.49975371480662,46.120879688374764,238.21356451297544
9.296868115208051,0.41564063390653916,6.690223373291083,56.72542281557274,199.19810179481328
1.7964325184672756,0.7904694600380142,4.622955610006072,19.37858568677343,59.025732784959835
2.763845761772307,0.46173782224831794,4.1176554158450855,29.205922497626553,66.9701957308308
1.4070456001948426,0.5318880582735179,6.509734671509541,23.73579383057827,106.14505506351628
3.927972976869379,0.6647549168965331,5.4543186940690545,34.93641314753735,109.73102514308749
4.498095607205338,0.8863094027677049,0.6227310588188562,5.749064862973336,1.8266592468413734
3.442141285965063,0.9856751222793656,5.125026487703317,26.362227974559474,83.51264538149567
8.458637582367365,0.7914460724780664,8.064036172328395,55.54335008767742,251.85099587355558
4.210779940242304,0.4759901039506004,4.59239877596958,35.143662007035005,87.64770267294591
3.5284105871864266,0.4792213020493632,0.5195657755426841,4.921260614194984,1.2934940762526068
5.884264748424236,0.7638240714300023,7.862781993840331,48.339634623730355,221.82206113325782
2.2683180247728636,0.3148994311914721,2.013637821359744,17.2330217046845,18.157852481406138
8.219772826786357,0.1994267018182552,2.5862083488803878,24.591136893951347,32.131423000233895
1.6709557931179373,0.4191599418766989,1.647063534322959,13.235673266652668,11.648456274694183
9.881982429404655,0.3585150924886735,3.302150648714975,30.52889792583328,51.41170734904017
7.9502029236699165,0.36667730841039115,7.56751505688635,62.66632205939287,250.87945470523118
2.7884411338075514,0.31024697594491896,5.193858595039373,38.69908332166333,110.12467572528146
1.0496990541124216,0.1378838706727257,2.048812741507126,17.62145503460693,18.860235661657015
8.339152856093508,0.11608654126007244,8.778300781520409,81.0614383804345,363.03530112539283
7.361716094628554,0.9889501507624284,8.795818549515293,50.62215727548658,265.4879005229356
7.561064512368886,0.4849958203622762,8.70578425046007,65.44029593497571,311.2293107868612
7.941433120173512,0.4458939824437135,2.3879621138153926,21.923346767309795,26.760828090797645
1.6664018656068134,0.7116825544237628,4.512393441809881,19.62646571373688,57.69472864061837
4.226191556898454,0.29642849907855773,9.849896561408752,69.7720129375429,382.87941533910293
2.0428215357261674,0.9549650655552028,7.7201247630999035,20.416862972375256,118.33302483607741
8.767930832880342,0.8077105129739969,0.2716742122555982,2.632050610450544,0.3590214342998692
6.609683141448022,0.18046990208103358,0.6520459126049205,6.339966545555788,2.0731077907760493
3.9780822236738427,0.4758226982064355,4.639313768123328,34.92872927420591,88.4779159080266
1.5720251525742128,0.8912064768059482,9.092202058615602,17.204244193073684,126.98572021711968
3.79884089544096,0.9502588200622692,5.387017979527142,29.025513259119585,95.22952353783738
3.9266498982407234,0.5206613601248827,4.9781250803429025,35.748307188538774,98.69843093497627
7.566455605042576,0.6520702502896369,1.0547369995663058,9.890649490480582,5.29502552252616
6.738017242196918,0.2503305514828677,6.5678010472429404,57.171617855087284,195.37354934067275
8.98491468318694,0.9920517635232788,8.221031606002255,53.002622650443996,250.38434653238778
5.249934326457543,0.3085045312450991,3.8042000750756233,33.44209130751509,65.97822176658667
2.0763482134447155,0.948458596721613,7.756118509253275,20.854609309083664,120.91488356059662
7.419203085006955,0.6846819840931316,9.644766539008117,62.65086896229059,346.3645463361371
7.847065437552077,0.6469631153909732,2.037664591276891,18.400597853422674,19.271790816500783
6.051494778125466,0.5614196599148578,5.233296311947413,40.669970224400686,114.99665010637
7.938704619591049,0.3076028305459828,2.8713795808457556,26.65779448093439,38.98186076580896
5.444160367279517,0.25887522880495745,7.9285441903383935,64.79847042062559,272.9816435694754
5.704595464437946,0.2984375881631578,5.775933658811575,48.902029725958194,148.3290810798852
4.847869165226946,0.2677944359298291,6.345824175503037,52.51209552168885,176.3306874638123
1.2287721406968566,0.801626026210078,7.979141596158941,14.954749911704067,97.06100161768913
1.97102284293974,0.41511273325005715,3.959704726624549,26.348490112495643,59.33405507553243
1.2828626711806081,0.15205840890705674,9.150900684070432,54.7880753555875,295.13287877795324
6.727693701374023,0.9721923671267302,5.3302886724614,36.46226596353105,109.53082683205537
3.82920382968694,0.8954072964670832,1.57954822835348,12.95576776653998,10.860585387541846
5.577136220482325,0.9349770548756917,6.958991181688025,40.293833921370165,166.86407478968104
9.168098265334837,0.9954170403817918,7.9326135043825445,52.16784802814923,236.25446251850144
3.2436300623398746,0.2565057242975386,3.1676167706752665,27.487946069379007,45.35131531957654
4.693446307320667,0.4566178170123929,8.57179256998753,57.03825358847337,278.0499561800565
7.799960246887438,0.7824146281336821,9.061432547657663,58.38995403482892,304.08409183284834
3.059183489424602,0.726418556248413,2.769044873778089,19.907419128704085,30.561199708566676
1.6928191884591368,0.23850631570586955,9.83521472715222,52.21036203640697,314.2321140366293
3.6077630762239123,0.8342498124915559,1.4071152804875842,11.783055473084076,8.738834140836211
2.4509915852860398,0.3019965146529946,2.0201566840249,17.5438199775658,18.45501980807643
9.367278871083158,0.30143585334036077,1.8422483923802613,17.547193446033155,16.322834858933447
8.273083416079754,0.5832769806040722,8.939897100078705,65.05804858249098,321.15442590116584
6.700633808593811,0.6336459413575328,6.542925523249618,47.8619677168621,172.62326071914316
8.84314531168946,0.62207758705403,1.5210428322227287,14.150868391062266,10.9539228696255
8.23304869209203,0.1823381536579794,4.40323418368349,41.15635572278753,92.08300898563562
2.6791305299743224,0.8897147763673423,6.15298025069802,25.711886182192917,104.3354505690275
9.0330309864098,0.3390400383298355,0.8346408498938329,8.060906006179467,3.3815442686622816
5.854080177240856,0.21656342915452376,8.824163684073387,73.8557222922584,343.5547671021027
8.266961396476564,0.8998732718820794,8.036035354415352,52.54399488687561,241.51665254500983
9.06482169931144,0.960086348406778,5.052067735766382,38.3809150462362,105.55667547835674
3.8620312747467747,0.8759148555389056,9.671266152591704,38.42956799136492,248.87634853418055
1.9904673207490908,0.8285644672523903,4.177609792750997,19.42607172224242,51.78483181303447
3.051416462877475,0.6897177825751195,9.841103190364977,38.7079116547873,255.86336999887425
4.843970097636307,0.5957716335482254,6.67919998803627,44.68407493858771,169.43219700492966
8.362132893302437,0.17828808392026912,6.346712732539414,58.232483668229165,188.95876079632626
8.74657524930709,0.4676078917636288,1.65954895295785,15.578859421585976,13.118066625674373
1.0625691747807164,0.43541966531108256,8.81927758304644,23.29462098669314,154.28396237790955
5.596725723198092,0.3337784053842936,4.2748968792061515,37.01767687008872,82.48178333427427
4.7566990283390105,0.7510781023197265,1.6223340578247936,14.040112042280494,11.874583494310684
2.9989702942365724,0.5462881615708938,0.1260751997575904,1.2227038578233986,0.07737133229049409
2.0787883060031453,0.17294159431688316,5.597556836383825,43.89989416928008,132.36783557696606
4.038536542632651,0.29816488175483025,5.2739962212267635,42.85449822736332,120.3225353180245
9.486187335212673,0.7149328872936364,7.193536223691586,54.47430883820519,213.54923266483615
3.908826388186797,0.16851777354127018,8.902580530178021,72.5277532187326,343.4431763297198
5.669115595690295,0.8660862226438918,0.7940658464302952,7.335830976425405,2.9714399939443155
7.3271706300566,0.5456318743125769,7.314964903403624,55.32893833480862,220.6465099821595
4.272666421413646,0.5325279195939833,1.8741194409758222,16.39575044357763,15.961373659251961
9.746038744488645,0.6331670061935658,8.581770531571639,64.53427582317282,302.50764117190135
9.662025654479,0.8422128693326343,8.19063513861656,57.429909375563625,262.9451230227394
3.2660406624282774,0.4130282871119738,5.407937549855443,38.426021355946865,115.65456719440868
5.475236553031469,0.7102145373031572,7.102427986233115,45.52744541802702,186.15865074550845
3.707904788350927,0.6091587675962119,3.1435011318374837,24.08550354244741,41.10040576512472
3.5635644493972087,0.3403254431524792,4.7116789893281465,37.22136223123745,94.24162736618257
1.3319825261907952,0.8907669877196421,8.216368977104716,14.60883172918984,98.68183296048953
6.486079005819072,0.8176834194462352,4.592651971732139,34.20243138538973,86.07681634066682
5.524111209059753,0.6926066511925829,3.577982653254418,28.283283538648796,54.36903333459196
1.463308761249904,0.8655235561848177,4.942124472502999,15.693739478427402,55.43431061123913
3.507818178129503,0.8805647808638222,8.282492524372184,34.19279276663454,187.46209380907152
9.174392973699883,0.7375266790435313,3.3520804737087273,28.82580274598598,50.48043231920548
3.1560570160027517,0.8533119955273049,1.737615931357438,13.601687739049268,12.739167749566825
2.304053848821008,0.7277243155023553,7.120140203307807,27.78214355587861,133.18687052104195
5.405074842498067,0.7121266945842704,8.259782127080818,49.38009705276894,240.2125718453825
9.870854086995406,0.6567502403936659,1.0063747852353333,9.54926715629217,4.85869016770198
3.178497443603504,0.7774449756018771,2.3987411275594472,17.801604533942673,23.426656424039393
7.049219926652907,0.24274459476376634,1.419719897609939,13.59248350082091,9.727376216190805
7.854576537958458,0.8927836832790356,3.4794141158216663,28.19183564701631,52.269931885535954
3.1387378959315972,0.8846591749707088,4.503509789054126,25.02440371950717,67.9613254686341
7.553947137506736,0.12632255473110324,7.4882633696330645,69.04651486157063,263.913309576601
4.3100481944732785,0.8432350755082864,6.511475848816741,36.11585707692085,141.89916779644415
6.690752475342215,0.21598288072610067,6.2092856747843115,55.19659258479111,177.0866543969778
6.7017673968480524,0.4016069688332278,3.523749466096544,31.162137557292834,56.83461885578174
5.821972156672826,0.769157430662447,8.4144755308476,49.8239922121135,247.6822553095879
1.8126079304896747,0.2446839064434774,4.712871673981645,34.2063755857848,89.0947285603979
8.51772246030314,0.836170321707156,9.791049380151545,61.7125437463677,349.78349599113994
3.8870205847456223,0.8489207601619677,6.3414213829573685,33.67336174872495,130.65995640049115
2.678666593598688,0.5567209603847526,1.2626474156450274,10.894623774413233,7.178514681525932
1.3669762739928752,0.10574728454515023,6.7617756207543405,51.651640316239444,189.7835599019453
6.318036488694176,0.3583343198574215,3.25104015431699,29.125099248914626,48.79752312392884
7.098079256580542,0.655234226538168,6.8632719668609745,49.87283327922591,189.09743451386828
1.1492904603507053,0.9830675602246811,0.6964114816240574,5.147365324335537,1.969244957805592
5.608837524693529,0.6686321743150015,1.7488143717595939,15.48562422681961,14.010889463559948
3.0384619767814414,0.3338232229577438,8.557372589057863,54.416958978336254,268.79020894055014
6.806555113685048,0.6706051327896502,2.271795570235149,19.96831530515809,23.527391606847146
2.569297861044923,0.58598684174427,8.3704112524294,36.637296993722636,199.3944317469279
7.218439642922194,0.8018608556360293,2.792760884544104,23.55464243330713,34.589184013600175
4.480618116704837,0.19628257494426257,6.428819100587076,54.96419496998556,184.9593614505511
9.43056989863061,0.7849251122518252,6.9415057350983105,51.723551359474634,196.71065939660514
2.2376884973139393,0.5871399208084993,5.126547531450529,27.64795791547956,86.29806643899873
4.069597159452327,0.9666928034730952,3.053106766967313,21.30121721405234,36.41388380143913
2.021261691165302,0.4076849494348175,2.126443763710961,16.963370672210228,19.32115234517859
9.322242564507064,0.6693597038205533,0.3318935456242622,3.217387023815941,0.5360355738137912
8.896054180428829,0.9388252949590157,3.039464012407238,25.507825664598773,40.83391389813849
3.3214746494364005,0.19225875519161134,6.53162790531283,53.35513976124928,185.2016568219634
6.939856414307611,0.943505638512806,9.383048184484826,52.007165422004455,294.5139573603466
8.354999801810942,0.719097150070732,8.71204482263052,60.130252643199206,294.35959174813013
5.996807304395161,0.16105335319465472,7.660647765353026,67.92422313137,269.0867036736131
5.766855205204059,0.37086721025213465,7.884473432532987,60.67074652887537,259.30499192292234
3.1766706181040654,0.7373548797807534,6.649849034759953,33.23490312908234,137.86282663750322
1.837924910253093,0.16061554132189454,2.60286857566003,22.838311773592356,30.84839204777103
9.074941821579941,0.6239534141586459,9.071950307058298,66.2128349729032,331.36188135053385
9.103762514469974,0.41129475125766113,6.707323119058341,56.76453742631488,199.96886180506294
6.697913115459412,0.6588239659907293,5.6044063098044,42.26476404094191,129.26117632689068
4.051268119438307,0.14116783043126158,1.1098946921348107,10.680209000472765,5.965156509492999
4.142886171513948,0.8843831255371386,4.470555438064254,28.259040715814898,73.06453699548908
7.533601109832154,0.9761400722596573,4.6035827120192625,34.01399312749999,86.03089729505422
9.073992339573193,0.9719900697571223,8.645636095226699,55.3063990198676,275.464679630643
8.983777818386056,0.7746866485686322,5.466482201877884,42.759306190860485,126.0195635192747
8.018879912718614,0.21707761611756876,3.8040054897040965,35.46016331994259,68.60268230862357
6.77828481538859,0.7824368763361204,9.768003285106593,57.46427330602829,332.31295909214094
1.7572596849554394,0.12212822481292136,1.1072059332631567,10.454302932938251,5.861750885204486
2.454658426851524,0.11991119637609754,4.225484283119446,37.453584621720076,81.85012163506451
9.086987696743714,0.3912491972345872,0.4202467517140529,4.085546944376833,0.8610577778073747
6.457861536936309,0.5397788713641992,7.3990412076693035,54.13144029409462,220.77172611069136
1.0827734645496667,0.7933666760270138,9.180765521991507,13.372480000509276,104.66635158579614
1.913243885794289,0.7149658389458546,2.8003732955048943,17.03271214451361,27.934561278994963
6.971515921972502,0.5013124357390735,8.583416767991208,62.830879442438835,297.21644331371374
1.0455542546159682,0.3462639996534993,2.9221823046189774,18.367371258803583,31.09884721410055
2.4472724627574878,0.99741205014194,9.107701616439153,23.482002626575934,161.60673016587458
5.938604104299275,0.48356317201237564,7.5396190359678394,55.27191245800824,229.55202418770023
7.227056779234239,0.506248321896708,8.049067768414385,60.35567170225925,265.6094300103416
6.867651335523405,0.24726143907250228,0.180065556004545,1.7607294962960547,0.15869465333698685
3.018423785145038,0.8153285938749364,9.62810357074026,33.62205125371849,225.1971144037694
7.409612992127823,0.7243140032033397,7.266709920703232,51.03289335258342,207.19028700878744
3.135241787471201,0.29869265150988433,3.047510953861333,25.947362078655807,41.44793343871237
3.9285972834334095,0.17414294105425843,8.29394664858847,68.08322039001649,299.60059389486673
7.718422646062217,0.7124493718672418,2.8152119841492995,24.320575350372383,35.714777143962806
6.846696091424932,0.6890600928530217,8.727538395661279,56.97724947553463,284.5741734122415
8.6430106944476,0.3459335742983884,1.1258039041193701,10.799007956277588,6.124432690615379
6.91851603070309,0.9557772060253693,7.036859774607958,44.1490724391438,180.11533012973786
6.114777430019244,0.23595210260281022,5.406984766449103,47.874682119377816,133.92625665625246
1.8430729104528323,0.4891013209383417,0.9653447019544081,8.354305887798965,4.204371592453011
4.309442227534902,0.949254328150839,2.41893828258839,18.39573676296087,24.215608088277904
3.386821309135529,0.4777545852335101,0.1240403627731479,1.2062519956875575,0.07503013665963465
3.195906790411752,0.6746733528976769,4.687679654645058,29.195622446115703,79.53614969929833
9.75709499277201,0.45783495816651487,3.0126526076000038,27.5602347282158,42.492492009740204
4.537879522000844,0.346793682113803,5.983574842977588,47.109733082271575,151.64665973549086
9.02841899659402,0.9855798831638454,2.972378077086172,24.901027329000172,39.005486267335414
6.680247633975366,0.4684006056835387,2.9991911150698467,26.53433000328993,41.18436989326352
8.153301731874835,0.904689283311221,7.431931987316034,49.65212653887245,209.58141616283115
5.523733837946729,0.30695914530197754,0.4814283597835345,4.660196132748458,1.126777120394138
6.192134961637232,0.29179423362257495,9.028949951919872,72.14172661319874,348.70753701225203
5.432659244369775,0.12802067459606023,8.522638743911815,75.74635363207794,333.5764393007448
2.7571868901824006,0.6865001428382965,6.678046832264065,31.928888972644998,134.87822289348145
7.502069037353548,0.43167370935138505,5.932215701073843,49.30268152353467,154.54046875790766
3.526951261967702,0.8779224248556733,8.923024981396523,35.134912010697754,210.5107588072278
1.2188436978830846,0.5258889160224015,1.8533017952871444,12.51659162189119,13.128048369898387
6.80925066316451,0.9713740851232495,0.7896916219082861,7.326452916410653,2.947122131259448
2.5939961146634403,0.266972964132809,2.395101699095381,20.824019129042195,25.96132635210597
9.464127259176228,0.8817608511600497,7.945782787001903,55.07115006441751,245.5434951513289
9.585357193023286,0.7989371675125676,0.34670266726483323,3.3524805812076615,0.5839559460347772
9.233779511984036,0.7938296601796468,5.828068350834896,44.970472504511214,141.94315314039693
4.331428302298999,0.8603049053051989,9.954375161913099,42.552016117013046,277.41728408234803
1.1391095487598069,0.784921591848699,8.556960938375394,14.197518903377656,101.21856830374857
9.354867063289529,0.6635982894682738,5.214456890435894,42.75922034273711,118.34024392415006
4.8536573348558285,0.21812038991414884,0.6364090928664234,6.154741389430873,1.9678018690559895
9.699893371393026,0.12927356154212674,8.313735143857098,77.20180476176878,326.8427350753336
9.672579793803276,0.9287630630341182,5.989785081772105,44.68476400779937,146.5840249347853
8.677085099206241,0.6549852830686642,1.1493299705956683,10.799682283966247,6.295926108166725
3.6500400286262713,0.8168835618785587,0.938572848233562,8.30467277980219,4.033609357171834
4.465879557417328,0.533370116361295,9.096268194365924,54.42231994245261,291.47961548465656
8.660230043651712,0.20557737006615504,6.692002629380784,60.69971415347289,208.47635341588466
3.852298046406499,0.2126672129822954,8.292867993167555,65.27510928244058,291.23888451558264
2.5254347201748324,0.7170087585060743,8.789789002822673,31.703705584939385,192.0438426289869
6.0112113621251515,0.48727530540951647,5.717723520483222,44.88776991196021,138.20562664038937
9.425392967447028,0.28047225403030307,5.174463517550413,47.04653087063669,124.84273179623437
7.264268170074757,0.5424350920672932,4.304274103209902,36.11136643176339,81.87257475510205
6.1305505308042845,0.1577880433676207,3.169465877911193,29.858058636941685,47.96029773934674
1.8745884439369167,0.6237742617229589,4.345959608587117,22.539089987308287,60.3895239188213
6.535065040292528,0.3420940639915879,7.738796557301564,62.422383855393036,257.80066594166055
9.91048465093837,0.8178031905734693,6.019234310151315,46.5380556748836,151.609136323313
2.260756137128716,0.37932576303121646,8.925232899548462,45.38906112767914,251.31531801269972
5.664966871273631,0.5096981341736211,4.433800143791878,35.86703732528006,84.78633781838397
8.8963576473516,0.11045848591729057,6.07089578718754,57.366275907209285,176.31973375687267
7.66691755978784,0.165202199015103,6.313075530919887,57.90367901369166,186.9177019922081
7.273141668957412,0.45324420076601635,5.916971623063255,48.54640891055908,152.4303546973398
7.322356755883983,0.5319449512454112,7.026337730855163,53.98361420757267,205.718385474731
4.2354203609777965,0.6400184933073734,2.374334683748063,19.5716773092344,24.62128233161158
3.64232659838044,0.3624963208383729,5.123637775457906,39.37444880506636,109.40592837103236
8.284250399306622,0.7254836975138883,1.0422480280834767,9.771719802182073,5.169732243256362
8.291020552112627,0.8741101574702841,3.8451132764481253,31.011280209225504,63.638188455852514
8.803650867220934,0.8018658900040149,4.876670686212644,38.628124348198035,101.13831451132506
9.219164973008242,0.13565694281352145,6.522242595454725,61.00879196230518,202.13898787744893
5.60208158974844,0.5324562525320461,9.505310525862035,61.393976234246416,335.13321783057825
5.513646652184796,0.1944371605763574,6.0065106654835585,53.101548157116305,165.1033330917494
8.184656610700976,0.31784051427627474,7.435939161765598,63.358977797378344,246.88826796045555
6.849675376999887,0.9879963339404318,5.062660594952027,35.24403766422002,99.97694861600499
7.31770189531933,0.22824598861136192,6.341040313763314,56.44027546316691,184.83990292006297
8.16213402492491,0.5489993381062205,0.7093221613377343,6.795064416078704,2.4291073380651795
9.010048076358096,0.6563401608863072,2.54391580841847,22.779956564613993,29.869543255942176
4.041956411663822,0.7322184734896936,3.618530932051387,26.037928131125394,52.219855722170735
4.380246573759496,0.6036838151382227,4.724933550065136,34.06492060498249,89.15043896383236
1.845837458567821,0.1087937626772653,0.45648745502383736,4.418435516036762,1.0130023972182585
6.204521268965566,0.3938151774195927,1.4002409755331768,13.143633203798824,9.33841775637282
1.3234804641706788,0.5659404790462403,2.7681430779130576,15.91788076242902,26.279703189265973
5.190382163192141,0.17907984923035003,9.715326909010507,80.97852270530655,415.301476658658
5.883801712368189,0.4155642380882627,3.3134700710305074,28.981754535938883,49.886173412549
3.5788712691545594,0.12988279791222992,4.820410581120825,43.38293370753352,107.60889858115343
6.317499345121097,0.17072064743951867,1.9609771273839294,18.736359146718552,18.533030199515565
1.2745022494514449,0.4572309485814364,6.107800710757683,24.288053661728494,99.31488993312983
1.3361336987429298,0.21944417863875432,2.806832155159743,22.060821476999966,33.33087149857084
8.403405045936925,0.6107867634354023,2.0699257843842678,18.852273298678913,20.00046377799231
4.241715772701366,0.7205184722235392,5.16572628445979,33.73678256328877,99.72040069536712
2.143544613866963,0.8205280291981746,0.05505799160420821,0.5344669910547826,0.014765021403152279
5.700189340493239,0.2801352198203291,0.07664032649225327,0.7504274803210156,0.028774555349990294
7.9299419778874976,0.25073432403316276,2.1906880910185778,20.76324864246059,23.00543395162242
2.9423892474715885,0.19411105630096023,0.3672136250082114,3.559081716382177,0.656110046646667
6.606014282371002,0.672787224589273,1.0802575413069138,10.035178891445417,5.519657425893982
1.768127184943912,0.735828153838211,3.388606493387516,17.818664558265766,37.06140445134734
1.4651354905174694,0.12842753034307783,8.025856795798129,56.53456307583797,253.2531583595727
5.782191684113332,0.9425910216193208,5.720486433693008,36.49462800150572,120.37663566267301
5.865716094490959,0.14677415528632518,5.126677259564164,47.2005134962533,123.57700903717614
6.736869113483859,0.5871667017709634,2.9348882320812164,25.403784493025523,38.866195305750125
7.534822003503954,0.7381544675058248,9.317537194328164,59.94213902091582,321.162260875686
9.782668715162812,0.883872211371477,3.9701504123719165,32.72726726554828,68.8417413256658
5.646703134710758,0.742678238919185,0.8709276679577149,8.07262364683232,3.5824334653595002
3.9066082564712135,0.8215552747628126,6.170665161178013,33.905383818408914,126.62380112322344
8.156675752918332,0.4055051732885254,1.138383934766014,10.857415228235404,6.2382420152304405
3.437490261358668,0.833342602371861,3.452231428016921,22.942268817323875,45.06137227849254
4.950742786350725,0.17210336174620763,5.074119387178088,45.63409775816641,119.17834517854453
1.7061074320803935,0.9053349904544749,8.742225246851758,18.308265183954294,127.11538297054369
1.2281566907391177,0.5928331385383626,4.935465803401186,18.446628720387462,62.08865663895079
9.663835732101326,0.8355679929662443,7.022587660316643,51.63763365126811,199.5521040322941
8.523821084609853,0.5070864560664702,9.928168389990704,73.54927652690847,400.8379778078736
7.263767854843282,0.6792199256768725,1.3148911989798162,12.137618893714933,8.143306510224647
4.680576499728429,0.5737623948425019,2.747315255195195,22.88220872267905,33.19327010293452
2.559648880637612,0.7584305695797987,3.945760755976464,22.82355408947442,53.60857430731487
2.4079333840397745,0.17346698382753062,4.218281785388314,35.68508781758681,79.07099022942458
3.252186083481358,0.15431687559150742,4.110210752655457,36.632864920260594,77.72997102242164
5.943039982355084,0.3223929106091318,9.07611002556555,70.31264244865113,345.16100868565445
7.431363304300561,0.2435902121018695,7.140326444668564,62.45317064181432,231.65770824510173
6.941776390459581,0.8846052099329815,6.079052140907038,41.50435978468995,142.28079384350917
3.5194050725134858,0.2972925886222399,3.093727178627821,26.707798590970445,43.110709362750754
9.593787525968747,0.9782787302372181,8.237903842212948,54.67294318972454,256.35861258073237
7.641072250261916,0.40320621259399614,9.550605114849889,73.5954123471261,380.83532750326776
5.989186472602606,0.2639061241198294,8.211982825502265,67.5941173053183,294.24252073746766
6.5054867161091705,0.8107286564282312,0.01565105191472904,0.15338718211148675,0.0012007255781538717
4.776400561850109,0.6928369979507885,6.36401370183407,40.76223636734484,149.3837264630564
3.229578905510417,0.5483761448078251,0.5113538144210072,4.804771116287335,1.2462441392261994
4.2037541078613545,0.5998271958438681,2.5760722033372185,21.147116565742,28.903190746287407
7.820614994179322,0.7472816004450374,0.5952470034777169,5.676412774408603,1.7054481164934785
1.1295413976678028,0.30560926719816883,6.037954529493877,29.179793231933417,111.0751291663139
2.0446537645622462,0.9967005244510677,6.865899134926067,19.416205733375374,98.34162935100437
1.4140237781957747,0.9773138459321048,1.1448763806590512,7.760199989864973,5.0220605221708805
1.3665592208707311,0.6852931177122432,3.838388830449795,16.708251825005537,41.76959739715282
8.699145256099065,0.2795882058362306,4.562365089555421,41.63006204159636,97.28579534869323
7.332920734420213,0.7122054181881622,3.690530217609166,30.426068828962393,59.49105976600714
5.267564461785927,0.16497856808125827,1.2102500048519305,11.650356203704623,7.094458257463259
1.8805074458590134,0.12758725198522547,4.1894779018747546,35.77396224464814,78.4824183354317
5.4245428760514915,0.3319145996600923,7.511780478084181,59.07737029594366,238.8262203350548
5.261245937025091,0.5163606610653847,0.7100766453325547,6.728668771203903,2.416680467621447
2.5588168291901368,0.8814452548675424,0.8018001408190345,6.872881005364332,2.8820145123212804
4.904664843141758,0.7544521627896772,3.547712918359842,26.822014278813686,51.884499217953646
4.586542609576361,0.768435869079983,9.417257116189251,46.46549353626201,274.0683368476911
6.542650882469948,0.48294400100326784,6.6857264672291405,51.76694886504492,187.2258828202598
6.715842857808794,0.41134149329226666,6.786699566725648,54.4735683626211,197.61744668713732
1.4077360879484007,0.43393488668614244,3.6191999083786497,21.395419498491304,45.77104258936116
4.371513531638241,0.9888846073624521,5.9366079120853845,32.04441187980002,115.79325277480967
6.632739241428127,0.13609827227123425,0.10131184027743378,0.9928368239062735,0.05031048802068483
5.528226327220789,0.8803283465102038,6.360960464095422,39.23252107983915,145.4919838732791
8.7084085706949,0.6208078677151541,9.132869475762368,65.84798039382135,333.0905710632338
6.928242684570505,0.49475387727063147,6.125734683448192,48.67369098379728,159.91569887752246
2.466409843732867,0.7527318943736229,8.736985934663451,29.909672562159074,182.83543396398733
1.6351187266038685,0.5380020472822326,7.239730554660938,27.061321071678332,133.6064276261581
6.78177350385684,0.8860809142734944,1.2055841640369025,10.94236085197389,6.769059857299695
1.2386017948745964,0.9106316776101326,9.024533072858418,13.32560877634928,102.29066857413102
6.2719802314611695,0.47954883418610994,0.6644384435577488,6.355341521014467,2.129242872924337
9.462072172824618,0.3491450175115464,5.3396747254776376,47.544617033907954,131.1020996112445
6.179267600882911,0.633115295734026,1.4213712379345766,12.97588259194935,9.445523154274724
4.493529335858697,0.9211270110550218,0.11706610730904066,1.1347485832952524,0.06668594891879653
6.789593965981179,0.28959597010509996,4.22034260127639,37.88909773270766,82.34989887282222
5.12427601442365,0.6606699252071345,2.9504070765415626,24.07490946997135,37.76162197180406
5.910551103843415,0.6684041980832685,4.86000493797603,36.67866900437877,97.25270979565437
9.473183278988726,0.7598017201737529,5.771998867345508,45.32513189730094,140.86530540246315
4.474923740206968,0.21841091661453382,0.4373907230894736,4.24532703148063,0.9317366789087629
9.650715074415228,0.7442424682138797,1.2300329512374564,11.51199304842592,7.191981499959979
9.148155777604574,0.9181292685990768,5.586423964504253,41.94974224913647,128.0668781613926
2.762120213103668,0.2617147979832178,3.4316735317265823,28.73953656958848,51.98002360281123
1.624251707876489,0.3137889924314899,7.29173487549448,38.36543277734236,171.6781767354557
1.9070020123968399,0.9742555846374756,6.522916485919397,18.516415901675742,89.00934909644697
1.1639964308639477,0.2628792574385408,8.456043629899067,37.00347752675722,203.46222033621706
1.8499866468033557,0.8689465840326213,6.924928266692253,20.07782271448631,101.88480077626214
7.147060960747211,0.5430500708032313,4.299310773901482,35.98001824513767,81.5482174493821
1.6406978361420608,0.3225079669628593,6.729666223944324,36.612445954585475,149.59528424188133
3.8707806726438516,0.8836749111452602,2.753811742554185,20.054701488839598,30.487880998094255
8.60387779872509,0.500774729502399,3.063134987782127,27.523021969624274,43.405253436162184
1.209447421622433,0.5633356185367212,7.889851599207933,20.52754195109691,122.10052632945627
8.330216343300421,0.42331003245978915,4.4641951640158215,39.18162266816791,90.76103448617482
3.5366929729605996,0.6336557662914347,7.983803405183525,41.656204451377754,204.64189813268598
2.0634834485949063,0.2471714853265205,8.224223736682784,51.3177661903027,245.12427043603503
7.270634488277356,0.4519733829865846,8.575623376612837,65.20856915554096,304.32769221298327
6.660485621018956,0.9724710901017588,9.166352358412073,49.566673964295205,276.3943486686523
8.897248121743477,0.33232008943101476,4.309852205132962,39.05211306706259,86.41126132696718
7.615639394234972,0.691062998087163,3.188668183211388,27.161962781661796,45.3907164443919
8.231328373463636,0.39267105780222544,5.821987465941138,49.86845055369868,151.87776587479493
3.538311153141758,0.7961258131179406,3.711724234376276,24.685617266803824,52.116942170692624
2.5969558940175053,0.21778629464651483,6.010741668002329,46.31557697587266,150.84038952934486
7.755532764767725,0.9728389405706902,7.055858626438246,45.931597520739516,185.64043999757325
8.261512653405376,0.5084105872452753,6.884050184921369,55.05073959107371,202.8252186427037
9.91454627800606,0.3124454170118176,3.7455288702012135,34.65796457066184,66.18278508281696
4.713559092202838,0.1661470725970114,1.6686020169875282,15.896906013599464,13.392808381845441
4.348162772135049,0.2527821145787867,4.305293384622075,37.36414160667174,83.7835087749911
7.987716646677971,0.5677965537004159,1.4259414408190874,13.302898905806762,9.64477802928863
4.06723186227716,0.40330285878815764,8.900970351838083,58.00371253862077,295.63419374409136
9.376815930432082,0.8459950292943486,3.458774607378574,29.146711055491025,53.023299954533854
8.725714766587107,0.4877987712956253,1.5445974722332378,14.516733136163229,11.372580522840565
4.860946246375165,0.3238428453288669,0.2544775990575088,2.475382579363514,0.31585467007126056
7.757839610123476,0.655430487943627,6.458223862864843,48.8285533706512,171.940749237271
7.7908858667621415,0.7360994951969012,6.369023174547433,46.94664513686208,164.40645572620247
1.9281148195233935,0.2503377171108549,3.406041665812917,27.0037508873046,49.366457853579846
9.1229761601161,0.2508572946594859,0.7171188884765101,6.966029568971759,2.50594437920995
5.547271352030714,0.13300428424018867,4.096288948952321,38.27428299060107,79.67425158535866
8.438117194969674,0.7627618135590765,3.1121749506339356,26.611870331914563,43.34946768162507
3.880446409275506,0.6974240748596245,6.7712063973500936,38.41929324017029,155.82587876258242
9.059709056465804,0.5271677881748326,6.057792494526904,50.082597360907165,160.5884637413012
4.502815108607468,0.8597534040722774,3.6459372819754,25.765985947850442,52.376783011058365
1.0975388633226852,0.8251031376550478,2.178925542549901,10.512931198171048,14.44889371138123
9.148437787773373,0.6268189279570769,9.880359661555918,70.4209059650665,386.8472955593097
1.821580091075202,0.8814441524619328,4.540016211961149,18.01982568896946,54.80117486349763
3.873822738313734,0.28525708903309144,6.88274235780237,52.967949807527845,197.61440730488528
9.550557703457244,0.2007276574579551,1.4055296757836078,13.586580615548415,9.595180136498925
9.555464322438006,0.34277465036529065,4.855896996593978,43.71819773374824,109.22557931872234
6.160940993109575,0.15137817048038338,0.27536719869465487,2.6922341956572837,0.37109449010183937
6.686534909528193,0.5780525752009288,5.054551179104499,40.17122602037996,108.89409443767016
5.036009697804878,0.9429451230654653,9.640174071177023,43.77554419812187,271.2797466395867
3.638896945282581,0.13540918660165868,3.8420671298580023,35.1203103633663,69.07437490143332
3.957980908329244,0.20989892260902412,0.38996012574911587,3.7862237840731363,0.7407826303857661
7.052666104693346,0.5069791254550917,0.3095579091934353,3.0032245482534337,0.4665599015244055
7.77137076493912,0.9404875157751145,3.879867599468695,30.374480086590932,63.518855663423864
8.124211393532637,0.38454049447907546,1.6002493646319405,15.11864507118775,12.249496604258411
8.106563285150985,0.5565113278195533,0.23352096328185912,2.272576042038329,0.2660560374185863
1.8208549274382133,0.1374155731453529,7.562136139501768,56.52832037599294,233.95778252488367
5.449782742323233,0.23350888086587998,4.585230088818907,40.83819440689779,96.69000340690002
1.5180288401497986,0.9879671106629622,2.8924477197265452,12.778883862047488,23.96357170983346
5.94575994091362,0.9686068267924409,9.000831830164808,46.32129113891476,257.673578097169
4.973774512360393,0.10444598284096866,1.161389602005256,11.255423145219394,6.562532414485645
8.989337644824698,0.9566306068809151,9.559188289553193,58.851727076339564,328.1755956859894
4.158235112968708,0.6752079440339503,3.139667173773528,24.129088811807513,41.083311652293105
2.053603147848453,0.88112646506802,8.884036723086812,22.358269717585642,151.01286331281366
2.2869251384755227,0.5092658700704732,6.029428764794615,32.54871988763275,119.45067998268956
7.85359568545725,0.5640364257213253,8.267073597414875,61.158093916996805,277.6693091597796
6.56396256984635,0.5399619222312282,9.840131632104644,66.1743432254672,369.0343491805563
1.9101040851051123,0.700177831791494,2.8840543781874572,17.46406255190703,29.54047095316806
1.756961255034977,0.22568612928068163,9.61135485407593,54.15056814144408,312.4642311675048
7.30872218313208,0.12697623088541016,3.8948189490242036,36.94415373023551,72.75670506713686
1.6548670572777417,0.3771369474320718,3.8551190473692234,25.165623636122955,55.52144635394801
8.396740533613206,0.734212686462982,3.403871042545057,28.88107121729403,51.588441229564125
7.3561800444084655,0.2816681069106535,5.414076073475852,47.96837971525994,134.33551993767992
1.7321390257770979,0.7060891899924255,1.541450431784871,11.227265037159487,9.553438062228135
1.7635394267667273,0.9729208414965433,5.537114853580112,16.943702001334096,67.74752822100031
9.87975620651058,0.18451064421047655,5.41704812410004,50.54157871749627,139.20086032193967
4.368437161805083,0.7053419064026136,7.6190181260487,43.00148431297957,196.5839934849334
4.335779323602019,0.49937519737411407,8.336499619375855,52.566955541184505,253.6487919815914
8.315196105317522,0.8813280289397548,4.404413503124241,34.52422125492643,81.92349591018547
9.525237196454729,0.25943481050264733,3.0233324935149373,28.470597242631154,43.62863691427765
9.874009574405838,0.723363357003548,2.5933489731709445,23.170093055394656,30.99482719227524
7.780403667330475,0.8543037606832992,1.9462383670487193,17.190423147967078,17.323687238829564
4.386336269778242,0.950152797526621,0.5764758219902488,5.316381776399842,1.5642669971146859
1.7515064502880189,0.7149232254606812,3.424479788347133,18.093986192815702,37.97419105082788
7.994322243346931,0.5474572876075846,2.7024769213078326,24.202691393983265,33.7117622511027
6.025638247622245,0.6560625161810925,9.664173858664073,58.64082954396189,332.1566018889664
4.817998083222786,0.8820144860308464,5.577088262500439,34.28273511628001,111.59054523674686
9.157189465852625,0.6135487719749467,3.4727703903050755,30.394714928774317,54.821796415464405
2.000777340755362,0.12734835372715317,5.80467600993696,47.608680057425715,146.66573440767706
5.433625938617732,0.93785382595628,1.391967013456955,12.138668166898764,8.786280896769043
1.1021828029067717,0.7205740759284051,4.4404374920220295,14.182131649452971,44.937147824500684
5.217945777947136,0.7088620471995218,6.262343214210638,41.370234758085665,147.68668202485736
1.5067294811365362,0.29410763715794547,4.888978317924514,30.904234218340495,87.38211366068583
2.0693612464126474,0.6929969232093914,4.017788006543243,21.665292343424735,53.00099028030078
2.057736220993944,0.4544779650887426,9.938483888996982,39.47070138773738,262.7230629133172
6.842892719044572,0.6861096793373429,8.80314762148927,57.36514481410171,289.16806282165385
7.71440391338881,0.19593372727719166,6.234059581594401,56.560266073577935,180.95051162296295
6.250318885874437,0.6920607741427324,5.693773611822827,41.43237509691867,130.2656544799408
9.659552936270877,0.9994723531936,6.2066047982458405,44.92720141017183,154.24390679185018
4.373835215713337,0.14339083497450045,2.0131210782243327,19.111135811210477,19.44809413401515
3.571408776536747,0.9794567657991856,3.951377432643186,23.667319195892667,55.04366690260861
8.817392153705143,0.4662171646505836,0.3945953289089932,3.8308772700721776,0.7584513830582154
3.0123625466750736,0.8836781053035332,4.7554603748682664,25.15352199858751,73.28279024058627
9.669002854965502,0.8041469356524461,5.4302458395766315,42.86521334524249,125.11493696718287
1.109390272208347,0.610314634888001,2.277497361032096,12.7379871666813,17.458003076605603
9.728909440368751,0.7646042883261939,9.640288471655138,66.30979259790908,359.60165072588586
1.388439207555185,0.8906640051712131,9.09454610937242,15.247872193460335,115.30984424600774
9.02028802328264,0.46372628948592964,7.221432354559059,59.179044940410606,226.86978053609414
5.749309981776698,0.39432984540691485,5.333866287653626,43.82178547200989,123.97978290437607
9.936683165073703,0.7008340470072263,8.69969159647685,63.78598800978886,305.6570709648296
1.6641690826185898,0.8270613477471327,1.3065234382346291,9.427386644297249,6.820390440312039
5.984688559611887,0.7860566212989542,7.90509794274885,48.24470605858865,223.1100568218755
9.72372282057189,0.8180322839727711,1.248208139668483,11.623935930952547,7.381487347183793
5.707880597531339,0.4920249833316397,7.942106625494054,56.414464289719476,249.3892542659355
6.664587743217362,0.8360507945575194,2.7576756825135695,22.869433992519706,33.347733941476946
7.261738200861554,0.2081881498335476,8.770905810181889,76.07716500313951,347.6003719859423
5.090869582909959,0.5900401881647646,9.440420938253979,56.301266923353865,313.27649141481993
6.648022720756571,0.10518279444830941,1.4879596940511564,14.42640509153524,10.775066802632182
6.258828807307902,0.39212724691024325,4.626756050653935,39.402116171058346,95.54961305749794
9.110422094418901,0.4298153813842581,9.809873781626852,77.03758970441939,406.90784789616146
1.409017423073121,0.4565554224483299,4.834074359731466,23.953863557288173,72.42799273739479
3.528668706330073,0.725920486020876,8.635475225145452,39.616094721807116,219.21906371137945
9.553703356689029,0.4497022911433112,5.887315221313198,50.442762233723776,155.33558626183822
9.012374055018247,0.5038242603602776,3.753299079196019,33.213609770716054,64.50842944792805
5.100910775071417,0.31378971778689474,2.857835555258702,25.709289360417586,37.81230801329167
6.581193380213831,0.43592661246640607,2.0322309108608727,18.652601712898928,19.378287859959357
3.496430646830194,0.3045426645368363,7.617981913776973,54.62134991648807,230.89343149740193
2.6930904375138516,0.1658763313915993,3.8654050682302787,33.743503976851905,67.8015244854547
5.173285644459839,0.6431037340432401,5.112754622007511,37.118908482171804,104.87457982378947
4.180170052234475,0.7013915186995147,4.9232548000118195,32.87158133974268,91.93355366872152
6.252905006657849,0.657541311408653,5.772790292331313,42.450509928533805,134.85040534522443
1.6996117326848634,0.5171446394205151,8.655771456245523,29.92560158139278,180.71816066159352
9.769553268995498,0.44180720216130687,9.807393435834294,77.7083241763018,409.1338499022245
9.875896700316426,0.8770002846146427,4.075842085738169,33.5474382461534,72.4822184945416
7.2834554261777065,0.5671736066225963,8.27518922106303,59.84190044957491,274.0117440982169
5.824867297097083,0.5312636898667579,7.645277946547177,54.001947067164515,230.2282334737621
3.78574854657695,0.12307785922579212,5.735289514555733,51.32916835653716,151.76544266094265
8.324155177362538,0.4071230448635408,9.56047143611933,74.91378967631688,385.91214312155626
7.162580552984913,0.44217605690727135,2.004745155284028,18.49826031858833,18.92451802994441
2.463552454104022,0.45894050280721044,1.0926421030962141,9.698307937469817,5.478014240298577
9.198344660444583,0.6221551323045991,8.539619669554222,63.63610483818348,297.72679799769696
8.402835186308522,0.5802422920541906,4.391498166337483,37.16167480868235,85.71544755391358
9.548199219627316,0.6471145835141001,8.469688542070605,63.217271856260076,293.18807261822064
7.531475575495239,0.7883949353879154,8.930902051954149,56.919149393336845,293.20784225882494
6.520736763422109,0.8316871648444841,0.6245759361907144,5.889396636671402,1.8636038741814431
4.76418732661557,0.7463107686038449,8.834647629860607,46.93095007749048,253.6667686170274
9.39455635018612,0.9599713263594413,4.483190553694222,35.283366668722635,85.10873483593207
8.794575005503674,0.11640932440872548,5.104324890042323,48.41932379930075,124.96538611426922
1.4069680309557047,0.2762001871151915,6.265925110932102,35.3665821389328,132.96472172751348
1.2373027704752682,0.10680658748032791,9.263826067300867,62.56382362941835,328.00761775016167
4.388170301902447,0.6827272427391426,0.1911609442976403,1.8476763311773736,0.17747716361071575
8.294979977036496,0.9082274940549883,4.768434683178171,36.44126303448731,94.41013644533314
9.8854851638345,0.31913406691866936,6.877220424305607,60.501057335591724,215.73132325396728
2.3537520199317536,0.9343310903166759,7.227069576982284,23.31032087669623,119.88099704195596
6.347176438169216,0.15424065126060477,6.92532431537108,62.52846706920007,222.58497694317293
4.428017709679194,0.9409924241249629,1.3443512940812186,11.471538488871989,8.07753967735939
9.72922958033143,0.41646041851567095,2.9939558837168123,27.56657015798679,42.14773573462617
8.579070308221379,0.19127874560429486,3.587155254170135,33.81953869144676,61.46644365817201
8.54495834240024,0.5372845832676931,8.04437207679505,61.93639454540114,270.0318592876572
5.218238438154732,0.33109891094845717,2.7875987241455302,25.06441185683719,35.964066735529116
4.733375521038987,0.3563856117657306,2.1070496386720317,19.113929340426488,20.66921181597283
3.4606636473763563,0.37656096843365794,9.574480190380962,58.347556323991796,326.9691445986174
1.507379469858344,0.8227233080493971,0.088632851134689,0.8487923490572424,0.03791870909445416
8.782501386295479,0.5852451490077291,9.978208556819782,71.50005098517373,395.96503881116746
8.316109082170698,0.38017692924040325,6.768212988573956,57.106523246850244,203.20462645553016
9.997459059575176,0.6493004049798266,8.28469299449117,62.85401198775029,283.5997949939807
9.969731533665149,0.7445356068008742,2.9461939634619316,25.94353279164277,39.61764412273379
5.998885350423647,0.3453616006601804,0.14315277667059978,1.3985577560869746,0.1002412127453205
7.9208867366245945,0.4721941913728164,7.3786951856153005,58.5635251608259,231.8502364485505
9.502891568941852,0.2096974840032528,8.341445970006758,74.7400477100676,321.2775972735708
8.646826516096702,0.2630344145812123,7.404761319535192,65.0406941614502,249.83805254499794
3.226132915688779,0.7130060685684845,1.428502873008386,12.0170025419593,9.034048371732936
5.054897217790842,0.26329451292606426,7.53427922256969,61.1332038648858,245.32169929387055
2.162434736363455,0.5726470453003542,7.689227821076409,32.209548701151625,163.21444603671318
9.586459245328502,0.7381416355501894,6.585405156700549,50.67413963964415,180.89586626765504
6.455571710057921,0.19618923078526945,7.661159327955862,67.04803779799822,266.7901645483139
3.0577852495311646,0.6105809976660131,8.459214396777321,40.055483696636,214.99017452439833
7.045306159652711,0.3309065053312274,6.136041142374584,52.29708012750292,168.1447421107996
6.5631541641210625,0.9666341877138218,0.8860471396967906,8.14885356235137,3.6886315885460164
4.223464462295564,0.5351910820479323,4.876278096672109,35.683413868372696,95.90449892283146
2.022018329796661,0.8253932947976423,0.7764933467160506,6.528220530647537,2.6682314019295053
7.044158760335196,0.5952038879406356,4.075430310324308,33.822819375830925,72.86907370067757
5.68276930813414,0.13907127956933726,4.071064891256277,38.012154570548546,78.65955905426085
7.950865525620754,0.6698362380346201,0.6600984414024158,6.298800287920913,2.098181647962164
5.68147151000794,0.9562630079859913,3.488205339694793,25.882229055879915,49.533233779996294
8.669633502866862,0.6414506381316981,1.1099809879131484,10.453777729917178,5.881150242951406
5.9671615489703695,0.8372699734841111,8.082352100092221,47.421707467593606,227.10782695583202
6.0484417438184765,0.895785817013567,9.476880259644707,49.96182649127436,290.383606993165
8.889882423925105,0.3052717947540392,0.7231647525793861,7.006885408827075,2.5440521465044696
4.631345795911574,0.290840355917404,9.551152072917015,70.46466579939025,369.9488512198991
2.2061370560557667,0.6498828899658925,5.225765993367451,26.15818700581378,85.22851052714815
1.2590440868200508,0.46992562282603423,2.9956567795387388,17.69130972884862,31.336628128722268
7.796235301062571,0.8558751725800483,0.7686207527616351,7.230813201489445,2.8179520002665157
6.582785962181182,0.9100208110582101,5.006242680704178,35.443084220311,98.87086920976952
7.336717912893012,0.41807924137244634,7.945155444907487,62.68459276930776,267.7461538662624
2.9166774535801965,0.31318350307703385,7.070864772666981,48.60207790165185,193.36676784146414
2.2273432802809277,0.8024729637194756,0.5022601146397376,4.5070883818955085,1.1659829712258514
1.1309019910109375,0.3473254319933225,0.7290183536790351,6.4076002687529705,2.422713452832774
4.155288029259372,0.8403528866623106,4.028732826326371,27.03096423408509,61.763704250125244
6.309259181691698,0.4813644282838866,2.9529049404794327,25.936722306015017,39.73102188751989
4.530196405897591,0.7007949093623234,2.3238432305604784,19.149200075215827,23.580089330762632
4.937274298213562,0.18598178245120137,2.810044989087136,26.15770780151658,37.40042461621158
9.137428250443735,0.6614733922089157,8.034827432968846,59.76485902121311,263.2458498532127
4.134299203209704,0.5065909108635063,9.29228053631854,54.419603480340086,299.8168950230243
5.625905402438297,0.6279476168579267,4.051026945275664,31.969905248751548,69.61894274119447
8.052877114670288,0.2512127869703771,9.061110021324971,77.43108583760456,367.31058239457434
4.568885040891431,0.7631863704497639,3.21495701247882,24.40263015409829,42.720904482720556
6.598780302050861,0.8765173697889057,4.764369863437916,34.63184636861255,91.14358879451999
8.761273378720706,0.2950658200816981,2.260289978159997,21.350503609783736,24.43526579635352
9.54568561291878,0.18614309996814554,6.404760421758439,59.06547047993015,193.0863661290773
2.323661328361341,0.12127472744170276,9.78981115174809,75.1982037446144,399.2978571009701
9.339288626453449,0.6777743503989394,6.034930960433787,47.940549695268416,155.18471218336072
5.429046637715844,0.6463846324799026,3.5781408411354887,28.582331688744123,54.75563887436505
3.324199494690625,0.592027671442663,6.478174459905284,37.706483475408845,145.11478445917353
5.132221806144352,0.30875238650437786,1.2292067846538757,11.623453291343521,7.231851617766182
9.820293177569294,0.45181539631496326,8.886590802653986,71.55544580109694,339.54734435438354
5.4335628459358265,0.6350287016675558,5.030839507798364,37.31409342839983,103.00578821073731
3.958764492587574,0.5470901729732525,4.49349742039642,32.83699239565377,81.36356744642205
6.700607688850532,0.9890069681933986,5.858647884535192,38.47155312450127,128.738719583246
3.1613105690037377,0.22279577730105982,6.2478386278940246,49.57777724921024,166.20635294874592
1.6827699529779752,0.7256300986428345,0.7177580622651303,6.055790568978558,2.28522559337169
2.159917497195843,0.46388689129386296,6.826172212234024,35.132964987801486,148.212914427179
2.152412550619952,0.48537965343305334,2.419316803155296,18.292200210229677,24.129394845635034
2.3671242416106493,0.7458379890923587,7.139526325065898,27.851658136052887,133.8924766305783
2.2494445538446914,0.7231925361919327,8.225347943841967,28.345545583662894,162.81617154516607
6.767872703228932,0.9921303943319695,8.039585075525203,46.326818289199394,221.98373048423986
2.6369207595923037,0.2155548605087127,5.525009674078891,43.61282757587737,129.51897334066393
4.111005549914768,0.19369868444574972,5.201698923107512,45.25642591832661,122.50838393767276
9.071095689154106,0.751904935415867,1.4287596133941172,13.217982185377377,9.628998633439409
5.265654762365851,0.6205482253057681,7.753461504031356,49.86027429204384,222.32983472752818
7.008019646689244,0.3467445999038253,2.7140938044671437,24.91493348253365,34.56723881069814
2.5508788408146685,0.17147743209008795,4.966954228179466,41.425783694264425,108.59452709543746
2.730601169278037,0.17709242463678748,2.842740929275167,25.467528227467923,37.310462529987035
1.3678175463983098,0.9047717871977065,1.3382836299969314,8.711233338788224,6.678037818687741
2.520415567649481,0.27268059224686864,6.2955769689173655,44.78842702115201,156.86644066922815
3.5073130512876274,0.39103440590396865,0.5433203482290383,5.171750805707291,1.4191421836655636
2.5930943584907213,0.3039907620042892,7.486452341262,48.88967017852098,209.4364982385007
1.7983228038135004,0.41949667524874357,3.1758679526111666,22.006302246499228,39.22030525976997
2.085722839905407,0.16248145847148404,0.0013469300448532007,0.013212690535916673,8.898440619409254e-06
5.147008912294532,0.5671538118174434,5.111291392372298,38.337473664230636,107.1258091926108
2.8570034656521326,0.16085130723299343,0.46851908527603126,4.53608291937595,1.067292282671346
4.278428749432679,0.8203208570401254,2.761695578208995,21.034140569103336,31.596319004685157
5.530755437693712,0.31034087371938973,7.069764874557162,57.25008879729157,215.7174715851056
7.213553457664288,0.5860107231440596,0.6268962162186587,5.995878611918155,1.895348266618484
1.3538092585698904,0.8920711788053124,8.393384923560024,14.828674652909875,102.45398496752989
8.194693590181384,0.6857896321424748,0.03819922658583108,0.3741360787972375,0.007149661710829314
6.6511035054181695,0.5796620078962018,2.4682386920190225,21.78621705079527,27.8500026869757
1.7358312875398472,0.391900377803838,7.409040561520714,35.293997638848595,165.60448023531748
8.862207616960994,0.39970172175237817,3.162701497293068,28.914832373048252,46.81117440859191
9.287851604786319,0.7025382596783711,1.0189238806601353,9.620159378768717,4.96405513432876
1.5497016386937736,0.9947254250990508,3.6023391880042785,13.769606565310221,33.6032859388546
3.4918988333248335,0.6956552708644408,2.7039328638452553,20.508359753622972,30.203938799894686
8.255811518137552,0.6020050756330224,8.427119021605549,61.762308819221296,286.72560263889363
7.734337213452926,0.7575854592153215,3.1334791758514315,26.469807232929156,43.58941606377954
2.6606891742073957,0.5186850510553463,7.889324717760072,39.51219049160371,194.3230351891099
2.8841439100303927,0.1541281083407067,8.918721448107348,69.59513684226873,334.90987136642366
4.334248925122438,0.6060671342901188,4.338174195765295,31.90726458297877,76.1643727489743
5.360706866719192,0.9618627560548422,9.09943143854392,43.990294151311176,252.32985624141313
6.564292943772664,0.2577726481218937,3.7731805396319285,34.403241718520825,66.50704538871503
4.320222756127952,0.7210044017385991,9.640784164901081,47.01916008827551,284.9587905462893
5.162812445198331,0.2808403197931508,0.8928952452557293,8.549982597955198,3.8480181636396935
7.727238443203809,0.5822449160257731,6.870192665032428,52.609777436439344,196.24254963574356
1.330148826015381,0.18700880468204767,4.938140404569287,34.92706565061562,96.13672234234613
3.2719324990961867,0.5053338426323667,3.8764880545564706,28.61326941680582,60.96069250531511
7.420146272960972,0.7805469960057214,6.327118787486009,45.32473954554835,159.17699307077305
9.056861539184794,0.41281437181508385,7.038570916343312,59.06758339551988,218.97178323331536
5.6050969790409955,0.6984205520384962,0.04363269650309087,0.4268752765565861,0.009321298431801406
5.789021367387841,0.8159049647107562,1.6695308874719872,14.593832408810568,12.659748517974052
1.9645481020579845,0.9344600375315074,7.130460506343187,19.929873515668266,105.15868223869589
5.026711301411092,0.31117787366990823,6.663854135782064,53.5662108910016,190.7151981062384
5.793555398095209,0.4593843242283774,9.660475051286772,66.20621016003702,360.2247711234405
3.1822345327125667,0.2371744119973757,7.61037790250783,56.97888907800472,237.2029231574121
3.4231890785444286,0.9932351519425376,9.50772707731338,31.667424877659553,212.3162974100349
4.395557467941604,0.9343008711318658,7.02540501534807,35.78523445855286,155.8837802229629
1.1806407799995373,0.5859614172525036,2.9805220863944317,15.263132351778289,28.159510699912165
3.8987124902486046,0.8578299649387792,1.0536492225085647,9.225612600783002,5.0479076489296375
2.9030320629689017,0.568862179544838,7.818238633449356,39.24416019047815,191.12988939908982
3.9474761696012317,0.6612271192024838,6.441492214759159,38.65647585820042,146.4694944414777
2.077859186373261,0.18021198890441498,0.4818601239329623,4.629634205836745,1.123187006224299
9.014745526659055,0.7797433784471272,3.6005046590097836,30.350070240687238,57.469192643142264
6.342332081986438,0.21494213527171135,9.567998154842861,80.16390631184733,404.1936753567179
7.111920872300407,0.8434608672272755,5.0040114571020125,37.023065488207706,101.74091179805782
8.102541147466045,0.8038252789033473,4.327291360197046,34.51394352832439,80.00261552024409
5.485979790361515,0.7378702279686787,4.57699605159294,33.5279975310673,84.55198580316062
1.7822825927868133,0.13254434247228591,2.0888272400516374,18.97912361561601,20.335046479768266
5.83395887636693,0.3728155203507958,3.6870717086479523,32.22481983738633,61.73839215735836
6.281570062187912,0.33680131291975857,3.698132559871766,32.90833020324804,62.85928872723093
7.70895526765897,0.4241227667243672,0.523550201874724,5.062763263898576,1.3316676490219095
4.884935916067114,0.1788784720874547,7.675676285179183,65.64180569324681,263.7084686233327
2.148222725160074,0.9432620407279565,4.16504431903879,18.75357138937061,50.343980934987016
3.55398315218852,0.5984220166411387,8.221798868164234,43.66790047007768,219.6686197678224
4.267740667587716,0.3749718795922212,8.503480011198954,58.760102073232666,280.6567106996698
6.8132551719844106,0.4572833653668551,2.1199405469865806,19.384852614410384,21.034461639127244
6.137004742020207,0.5024822864543521,6.573534821701285,49.868177626565526,178.53755016570472
4.204870533080616,0.6405349000245556,4.722818041629817,33.03489474836215,87.2829089741241
9.878637239136816,0.564111484926848,8.80156737921485,67.8658131911994,323.576358274918
6.451973374211985,0.9274527758929756,2.157406791764541,18.196927578872668,20.642030646274648
3.1350411256239505,0.5472671346152472,6.778132003100442,38.984378558921904,157.5869316119583
1.9160422535836337,0.9929422133409814,6.077521222527226,18.11840488098437,80.08495820696488
2.375732252658988,0.8662824619705861,2.953014775718328,17.737666944577924,30.801521919390794
3.213619555460573,0.28765946292160227,1.3660090365117261,12.613668450386182,8.790719296184534
2.446132359336001,0.9375356931795247,6.516397604772766,23.489221177748224,105.50357994414864
2.679103216461752,0.2047297580969285,7.385974581323307,55.368765539714225,223.60972524429326
3.565856518244624,0.8357047376420724,3.1562734376334998,21.881323051400955,38.75065769055534
2.560362357652793,0.4425609641289221,6.448326040223138,38.13610799989921,145.33895376166953
9.070888821637826,0.8901768884005625,3.9513090761150327,32.13110043607518,67.57225006892781
1.7221037109547799,0.8812510210967053,7.132068832826177,18.671877275988418,100.23602805228708
5.720602506132292,0.825332860105859,1.992152748940531,16.985330154524757,17.728020872674747
4.693571442906954,0.8110273926763553,8.902150026361744,44.58012127950371,247.40229792202962
9.841407552177458,0.3742112251882367,2.8740959646557975,26.708864078741822,39.08087527670784
2.008350119512471,0.17282735474612698,3.677859877561529,30.927803159135152,59.869135468262016
4.580700391411675,0.46268216088864533,0.5809195208034978,5.53484879794256,1.623371936684805
9.72523389947832,0.2561720634878578,1.115122123212764,10.780246721653635,6.040070895472184
8.789564133045822,0.7254559800122156,5.158619027123281,41.21190532404663,113.8187053731267
8.353648638543518,0.411489753884007,2.675926767279715,24.59432109947392,33.62900287271657
3.3211254434044584,0.9780491807739234,8.354802257421944,30.466724621968343,174.85588327572555
2.5379882865105925,0.6768748696107988,0.14693388654953843,1.4135443438397812,0.10452701648203355
7.017788979319879,0.8402325072709248,3.7909404867193617,29.89355452042481,60.934065166823245
9.364383902148273,0.21927220546766357,3.3734554676909267,31.82029094322873,54.37869962690479
6.010866037125368,0.8758130340453603,0.19327630917601035,1.8695919496193574,0.18152190723923844
6.144514205229099,0.9304814714620548,1.2436839900051022,11.120501232911492,7.132128251255935
3.5198118429425573,0.5383557269370424,4.136426749186352,30.069867486894925,68.70525697497948
7.925436398727432,0.6456276439758797,4.928645844474467,39.82217343104707,104.68398065571364
2.6833937370177106,0.7883288208126958,4.042897472548691,23.210492821486607,55.99530937200052
3.913113127638193,0.25735476453437134,5.309376784120938,43.96352657803553,123.4878651815909
4.828927947547751,0.5523094688170982,5.951316749056815,42.34730220309886,140.19751578627938
5.568493408160095,0.45879672499508184,0.0992382112783563,0.9695577107995521,0.04817414548585752
3.181687591735722,0.23173659294602422,4.640951594535039,38.63147179382903,94.68403434482582
2.033531422652832,0.4307809800623783,9.634992408875883,40.29372667306961,255.9754553169404
6.495580381974693,0.16135507844694422,5.190322801295487,47.771295995404266,126.63751613106888
3.597674979162302,0.1232307162545383,6.775422674589532,59.31773484642771,208.71711664700388
6.231143992803511,0.2216496602393405,3.118638579168832,28.957944345813978,45.98937426110945
2.389264437467821,0.9668036004302565,7.739913781527625,23.185638041637223,130.34371597474689
5.330260916693358,0.5945765823055152,7.729214818761151,50.81063963407278,224.2361959911811
5.793304892964272,0.9692399450378979,5.212960476541389,34.12300660970636,101.70821220589283
1.4664118314018422,0.4892480904971188,9.760138232792135,28.27039427205964,202.2459166943815
4.029438503745285,0.3806345197767337,1.2555021476265338,11.61415226281441,7.434876335554719
2.209732092450768,0.5555276765562197,0.16947664889580993,1.6276455618953196,0.1389033377898805
1.5703747342549097,0.4955605197696191,7.701582117570959,28.35101672822224,149.576179094568
9.909642091509507,0.19509821583556952,8.071555373648826,73.21096442183988,303.28525134036227
3.9011846047725065,0.6767436832211856,1.2020722912057624,10.644015763002896,6.6196149622811475
8.288870012691714,0.29443436425863967,2.6558283295860607,24.862483106295002,33.534272949678325
3.2917658928738747,0.6576291594080467,0.1755236336662891,1.6920467098440708,0.14936494513382215
7.133524500015364,0.6851809831583381,2.933086107805647,25.075708823788297,38.499050031269405
7.842050739007179,0.2368223678157833,7.731418739186715,67.6416778525123,271.64907330089545
6.360748665470599,0.15521466439960135,5.179605277125789,47.73192362682976,126.21959600413106
5.244185696951425,0.8026854274615959,3.480955931682881,26.472557166478662,50.14714106741644
4.706568227325417,0.5138203813923882,3.717392949063303,29.97495907475717,59.47248389198717
4.139814398886958,0.15234741595492823,0.013536257154681541,0.13275761389658144,0.0008985951985698293
9.365762298230432,0.9953796854527904,2.9980052756523587,25.1853901118225,39.75441361771482
8.475574670089562,0.15200250489672998,6.464587416379305,59.87942253011049,197.28693954642722
9.685242195998613,0.7255317059726979,9.741944438163571,67.83283863973192,370.2475754005028
2.1186750113699024,0.9853110327370722,8.470608269838994,20.6835396968502,134.2044583633981
7.577807276832798,0.31526209379433306,0.23594964645529126,2.303342393620098,0.27218098506376975
9.44506411138934,0.22802443181847656,8.985606046748394,79.24309122011799,368.88567376939363
2.6310975954909415,0.209246445480186,7.83198413298626,57.18544372884672,247.0359141046183
1.5984664063009975,0.372947632810836,7.803761235709804,35.23851394388112,177.08344466999458
7.670085843610531,0.190941229909582,4.579957590035715,42.46270792421954,99.08607448664861
6.170258018619207,0.7229452075247187,3.980052929545028,31.204996536980723,66.90775906418435
8.576458990824449,0.15606261831705642,3.029157288331926,28.911894979386634,44.19159961924879
2.2579513896366055,0.5584799153348108,0.6569485895436578,5.948315428852202,2.0067591888677647
8.15740580673901,0.9970271684676791,2.282353634936991,19.53819118493491,23.331819178276874
2.8146458804297008,0.8325732425554169,2.4660363497802464,17.17338341758457,23.726926365014506
2.4729034857913406,0.6536974944079098,4.840770697102016,26.788727964704893,78.30411592977221
2.4783921813789362,0.37562825870795047,7.4744440659669396,43.876770035451216,194.29453756797733
8.33117248208244,0.6615062526624746,4.7380982839794665,38.738068511695936,97.51316195101174
6.986774986265801,0.5743373175204864,0.5784444944716061,5.541741032865243,1.6154965076263608
5.707588822922074,0.48347504550133436,9.57789800988204,64.3591223252399,349.43883232221094
4.229474357111522,0.21763933906617955,9.427243190941123,73.2764761135993,373.21434239060045
8.894804867317974,0.8979437937164201,7.851895431484084,53.190023780225026,236.12401057132172
4.532005966803719,0.5048061839391903,9.913279015642205,58.87811733872993,344.48524087228463
8.349394955244193,0.2751602606386886,5.444823328002629,48.89571624246945,137.0930939431105
4.952214177131966,0.4309834157895607,9.627683502532062,63.95543576518063,350.36987380285996
4.392499864824169,0.47271677727603434,0.7560504061675077,7.123136530607721,2.7292369020979095
5.164118071026458,0.8447841060101868,3.656807482613713,26.997801267620332,54.25531450876616
3.7124008674772786,0.7602529425052619,2.253812680067658,17.709654228166574,21.48690808707603
7.72848442158626,0.7923744042772058,1.9583308413427003,17.405452463644927,17.612746094632683
5.5244835108323125,0.10992813798578249,1.4080294889267608,13.621064385177466,9.634208174519244
3.0899142563213555,0.47453859836178536,6.224136415659967,39.317965623076915,141.5632934256816
9.096171159471115,0.5332097364717913,7.813218557473051,61.49416414725817,258.50788217659215
4.455020992358903,0.11727304914075103,5.782983994203606,52.624008226118995,156.02101116629296
5.891975750025898,0.3338318878705308,1.4696270958820967,13.83312719077102,10.305818302989906
9.158248998680923,0.7842608408099215,8.111237699334708,57.361601003919645,259.3542993308107
6.618141963225929,0.22339873515609915,6.359547071637285,56.14535531648023,184.9120950263075
2.0520823663752767,0.5817791183073325,3.881657061269955,23.089711324507455,52.871215989644824
9.458489112521276,0.29368168481551377,6.74130295536063,59.66963062059078,208.13681937575438
6.6493724776427605,0.11090869717950395,2.5990497924283282,24.95192490616089,32.65992122224225
4.014150531913775,0.3170813118395873,3.451922084942105,29.639094359614578,53.47783071963755
2.2534486539704854,0.9782863794190484,9.174858431319903,22.17604797901558,156.24246418894893
8.146226703432664,0.8213834006946906,2.905045056714204,24.704017106670094,37.6324292982639
6.580654803356621,0.9636189798889301,4.699882681579366,33.331090869457896,87.24016017476336
5.801149827786894,0.5390686395337262,8.901411373960146,59.40509150011046,300.43497689722005
9.045033247458619,0.19876257880975318,7.077213502675274,64.29809533161853,233.4207706188081
8.097374901020777,0.5931635400763237,0.6220322616470275,5.965198593521579,1.8693621316361089
2.365073917594761,0.5089396011039649,1.4730304427897034,12.384139878256102,9.602172153490152
3.805498610159934,0.8599213744656543,0.07841590771916818,0.7624846824701955,0.029983752543827347
3.236402258330192,0.18827432270582012,6.309217902291634,51.80593157573056,173.4022702308422
7.695516633154092,0.5394170233196004,4.4767342541041835,37.69386298002272,88.778123032905
1.3017919126220145,0.23504379822458585,1.3427485090227553,11.697198833327654,8.170207560505318
6.129007163841849,0.39220833420105394,9.579341210567705,70.25406854785177,370.6590484621379
7.862128171666215,0.7636213696490197,5.296597239456199,40.61955363652204,116.75556796871263
8.890890730855745,0.5284163164318899,2.418932941128892,22.102861008893594,27.372988155304085
4.078735738443167,0.4382994566311924,5.006035711547075,37.981608231555875,103.55145934259917
8.391315742048116,0.4550286507130318,6.796203327351078,55.7653696766243,201.10937714339275
1.995685632596865,0.513502091565388,0.7623921797356448,6.791194930359204,2.6733619866151876
8.618070625610663,0.8065148894533511,2.74703815047892,23.76320000432317,34.036147728264865
2.147397960987842,0.9028762200462109,8.069654908839937,22.547854782264945,134.65403163062973
4.575585615043305,0.9598012178535354,4.596648704026612,28.935306542696328,77.02790408683711
8.175658292015981,0.8082130476297655,5.465771420322949,41.42483078992805,123.35502403110388
2.349256846138964,0.38386620617321143,4.328160022094693,30.437942609527035,73.57026433153257
3.0632625570937733,0.719321235477888,0.4389994264300512,4.092043592111907,0.9136317816080961
7.500273115537596,0.4938428116498528,1.6574977982015593,15.404197510439063,12.99837270179711
7.480328828914669,0.32920355984144606,4.455416387418909,39.68941433974448,91.30402499104946
6.770328695967676,0.8567844214833303,2.0918546540792784,18.029505094863108,19.688589684526136
7.2455360002039,0.1345837140660925,0.49979028659678737,4.880254840416438,1.221438923346625
5.884519990128366,0.9115857929218811,8.436496640518238,46.18669592587954,236.10317119998268
3.266191530162575,0.5153297181622608,9.811925291641158,48.954417069413914,299.79392958867646
4.111263941535275,0.6734813291274524,7.931428739967394,43.55269898959415,209.10716512064374
2.634379451212831,0.6934185299852045,8.53784921704667,33.33066744987459,191.5729773841646
9.176055052002654,0.9056059666358828,2.419771303170454,21.11627555560304,26.564189520590702
6.250526152895084,0.6730027139504866,9.606269755131997,58.72368428840135,329.8353315045015
4.607662750872759,0.6525402262840556,1.9692570445342839,16.858475605027756,17.369895415976316
5.1580522327971945,0.15998683650462098,9.514298103618323,80.82383560876451,403.3744563239511
9.525550056506338,0.5665672197506837,9.94819293965951,73.66194194141866,402.32613739538033
2.380162628044722,0.2351521007353375,7.117228057460487,50.14197817714987,199.17708254056822
6.276068488151175,0.7636903918493371,9.81143731791822,56.188322584270196,329.2317013094166
5.5529981099601935,0.560999728731407,5.695397795671036,42.483869549273116,132.51957090694737
6.503088118911831,0.712205001287518,2.595417831760903,22.16227564303367,30.12084066793406
1.1629916543875645,0.13750561054214586,4.369958856656209,33.47887852602896,79.42205090205641
8.849115180497364,0.1763128144412229,5.93560935378786,54.917007742445335,166.19468263565705
9.38906454235251,0.744691049256414,0.7308156202701499,6.965476127525503,2.5698268965823274
6.086198652302881,0.16487590239880603,6.223432646172461,56.18282754754086,179.73509228358853
7.26985741489203,0.16413105498873276,9.811778367622946,86.33798835500504,439.18982133043255
9.302494430595662,0.11089762771139872,1.9010764978372763,18.439817972170225,17.59395772758262
7.3651477088205874,0.9608512584695321,7.925951162883833,48.45797733256006,224.55759478843657
2.3728513862283522,0.7637575235131062,9.078987937796194,28.837798323733686,187.11422156641038
6.186595241501319,0.4179262676518578,9.437015928202207,68.45434921760317,357.09135602785545
6.460435417445703,0.36688202315888974,9.601356044054473,72.60527577758386,380.0737124581749
4.817176041721474,0.4147329067712646,5.214596387214719,41.21382241653944,115.47026930796625
7.627998120622506,0.7971881780630636,9.773079079915037,60.066064220950466,342.63196016480265
9.409303132921133,0.6952335499633729,7.573102071344389,56.896684541670666,235.4302836470863
9.330116616160987,0.26667601108072114,1.616714362369619,15.499107935117287,12.625303238665083
5.057554342637189,0.25669840180067593,4.7690010646797,41.55229687347912,103.0747335160969
2.019142412566797,0.1885560847420576,7.18331175372004,51.338360398387735,204.85177572706755
9.863570790661012,0.6942724477312043,2.473403158190833,22.269354148729665,28.339261978655543
8.550082778013408,0.7879353959995623,6.406151835488874,47.4634807339978,166.90162907683407
2.1219641308294017,0.33854178549250363,6.666004790466192,40.26008575716424,157.53511275723096
9.28757694355635,0.11885046492782153,1.6269974380856589,15.795837855993774,12.894483144331616
8.829067258559155,0.1739545007287846,5.650853124527563,52.46033349696206,150.97266956526028
5.669542514134649,0.9710740313605274,7.716269109786077,41.999788198405575,196.73629480667066
6.321478921704363,0.3659002997296783,4.988956645359419,42.50899152812703,111.13411997531682
4.591024334831173,0.7923008330543202,0.12103116776107425,1.1750018586339759,0.07135345426143225
1.492854749398282,0.6621972119688374,0.09038469079292177,0.8691344498491085,0.03954067851620846
4.016775174813109,0.44374567568760637,3.570293439700122,28.94255396576285,55.05434098058913
8.225681037382103,0.2851185359759996,9.26194068431782,77.71807742682763,379.1345454588459
1.0416882070414257,0.2092477763434658,2.286767796036088,17.98687459575089,22.134889880879314
4.001492545220298,0.65351167123498,6.343636888716872,38.751601231905966,143.7662935517607
4.58351824231849,0.7971704025740092,2.2207587069332058,18.07158615894159,21.354840620650236
5.836560426441306,0.6795138281870176,3.216699896595486,26.32042258200899,44.96854523680943
9.278700547714845,0.5772719199242425,8.48042089601484,64.6462894664918,298.10685114694775
4.1171139492936515,0.13775610108847264,7.288614422699469,63.45026093942528,240.62147363501504
4.122578817066049,0.9716398998349454,0.9539927731321063,8.381162402080353,4.147471121054885
7.637511232987736,0.8188427724891171,4.287020209864336,33.71585702958823,77.7870967221769
5.069961468008264,0.36353983303086823,0.2916976364526447,2.8318351321341293,0.41445958936069616
3.021443406459838,0.9819732964229656,4.80890146603009,23.86000254949933,71.73914265767564
5.07195564519424,0.6416934306726899,6.62434011701068,44.00052868108703,165.85984730517976
2.2677131834181985,0.6241803923865218,1.1850262359815156,9.919563696992034,6.19642002639327
2.58748287855601,0.7732658614865789,2.8888493890916567,18.98143113424749,31.314112367303927
5.4853099546553175,0.8305928092811238,3.9783662550215695,29.316311157850393,64.1353711614172
4.770329045540931,0.6908307465983524,9.195310246560497,49.85388235619909,278.63966517918834
9.2336131096129,0.21528617172958003,9.93255015422964,86.97859177850296,448.61709078764807
4.261545092049698,0.40444075539504853,0.44911298995615856,4.313224301044481,0.9754428204940453
6.225295152502391,0.9352752762934448,7.61007923495392,44.4826612940603,200.82958971678983
6.690378591275773,0.30215405065946677,3.717240664023432,33.569504770226494,64.13789753075503
1.1178501092950026,0.434950321453762,3.9245818622948003,19.736756922648663,48.22311378852184
6.971836348150395,0.4888691946497764,7.542649733470227,57.463887077675935,235.7297568345458
2.6023237018277627,0.495464490725007,9.184264321454087,42.558917723689085,249.68716793397905
9.649632857225097,0.651645624245073,9.509285945025484,68.83490300946092,362.07567121819716
2.3379645497780164,0.9487682539702368,5.771225860383208,21.84998371197983,85.67010115700012
4.731617113543214,0.31662344064925446,3.571211593005028,31.16198769060549,57.85711724310573
1.7681470127077947,0.20935123867082628,7.875490858587792,50.24409802657214,228.159861641549
9.971868266613527,0.27772344087394363,2.5100138326230024,23.78229351180545,30.194659386680883
5.519755092981184,0.8982324101883425,5.640740288335177,36.20950097211714,117.53275077475567
6.358465155880394,0.6812297313896855,3.5857846152487314,29.20779515983402,55.71116369658159
1.6036882964958474,0.35731611031524413,6.566310737078761,33.83464202045206,137.25151478686323
7.7496442335926,0.8343522450717555,2.403989128935069,20.7783317837809,26.051604043758857
2.889150337860272,0.8752329967270924,1.9159294573482577,14.259146140994552,14.97377039357901
9.082488604966423,0.8618629048212503,9.182390866754371,60.12679558692761,315.6451732225987
2.8462567643380643,0.927033880275599,1.018036829495369,8.500002232242485,4.565324377315481
2.716189485972999,0.3270169181560254,5.059579077349317,37.170812365245915,103.52264968140872
1.328947010632854,0.7795377358716504,2.208527829630089,12.14553511333748,16.229796558167138
5.248602505989993,0.514485547546726,0.3892996332566745,3.7470795769937277,0.7340070774304905
6.083570199363548,0.8577986976010554,0.3601881829142639,3.4452186497213293,0.6257152557767505
1.5913777548551713,0.7556416094454519,1.7522177210582734,11.669242879279254,11.625121920363405
7.9797485502550956,0.7988027018497522,8.667703545060002,56.84598873092486,281.54974098304046
5.079599512732249,0.6905456539129643,2.8247874397702666,23.010822048847956,34.575351437814476
5.7195124239482205,0.2596858925227362,9.504591705752958,75.72845070191735,385.68817921324353
4.966864722444053,0.5905242270072445,5.816222929891936,41.18793597987664,133.47500491460374
4.606867547877934,0.9862027655720573,4.366141897687661,27.829203486134084,70.0821545616154
6.036762981773961,0.943649259847407,5.800888346694546,37.41429541895844,124.69793601680132
2.3971622133764123,0.1388563622173105,5.166983852262677,43.80603292091921,118.80952858937974
2.63735317445744,0.24833333415649342,7.587762537573251,53.19084632188311,225.62755467065267
8.756070589121656,0.21855589610910572,2.8249606597285224,26.758378944329326,38.23982469649604
9.515039159202695,0.753381918986766,3.530503916003024,30.214668685821227,55.81820530167795
4.359783846517777,0.8360067968712506,8.940943025332507,41.94749668301457,238.65531003561333
3.436702058291984,0.29216022967960475,9.464565131504054,63.783045045034996,341.88593503280345
6.795995889151142,0.5552674236566462,8.925582274864745,62.16258095620258,310.8421106778138
4.678607539882868,0.85663272521008,4.194479939573136,28.721094669126366,67.87027986270022
1.2284772009431038,0.7595213902896255,7.803655030068817,15.739651674957509,98.36308005476602
2.4053733762957132,0.5880134849426635,4.763357333010988,27.60524588841094,78.22720520000541
7.443750059626578,0.6313129214128956,4.975398521461022,39.818484710789846,106.00228796238207
6.930315477191362,0.557524492224652,2.0468010905728393,18.513128614575407,19.46606017716121
1.2438639325313514,0.36779360618693857,5.911303032585165,27.399571663945792,103.45526405125892
2.997749457396545,0.6085197935731145,1.8613589775334793,15.206605151585517,15.04159389643253
3.0796731692926427,0.7199967718450816,3.3156469906719375,22.63245693830153,42.3202031442399
7.047034692388555,0.8859906242747269,8.550302016199351,51.39644058380333,258.35706498053617
1.1773948397892773,0.6726622185813232,2.0707580921085524,11.910760945138195,14.70885563872405
1.9369772378611647,0.7850093833388422,0.7115828517343281,6.064233831004455,2.261163049897144
8.199244768358703,0.2440644714591157,0.690075926128163,6.700589870558194,2.3198729218765948
2.6069019584890025,0.515401726977811,9.407845205031078,41.894609977417595,254.90474809726896
6.874714970666872,0.10839845784438397,5.069204379618347,47.79339659965585,122.7508199475019
3.1436450294205387,0.3220109780694607,4.094120718170183,32.80517562274064,71.83421969513694
1.8949725348341064,0.7538155436017043,8.108785810079183,23.681015606976747,140.4386851925704
3.1885497189950867,0.9926289562144271,8.35825927910516,29.17615194056424,169.6646091458414
7.500402386700932,0.18926028962849434,3.321910331156046,31.259507539745343,52.64591230399992
8.701268212956572,0.4613448842751594,6.936180574737953,56.93458029992192,209.52967556531507
8.471978781102925,0.8200638718292436,7.711228158518866,53.302053076094154,230.84442389383526
4.5746517665660935,0.28363207116600897,6.546506868659545,52.78592306328335,184.43809178201354
7.012766229135815,0.5995764543720576,1.5159507480009937,13.948049267643938,10.800593706527224
2.844858658742389,0.7597641664267073,8.75883083517057,33.19128516151138,197.4527073934418
3.6383295723491194,0.6543869052341611,5.390945527360087,33.858426991448866,105.78693072795926
9.067022366690077,0.26922226115387454,2.8247242637000367,26.580280507466583,38.065699448597115
1.1170173115966242,0.41984611181716547,4.252281854376939,20.82133505991525,55.588122212699076
1.7695767776902127,0.8054126060368575,0.3757109039890738,3.3878102420599414,0.6545480011888394
2.870976296314246,0.598803862718815,1.2786680122241756,11.010354458680705,7.351812994958934
1.2387898348643773,0.10470665218862146,7.655467505158608,55.29456670036332,234.3207206870901
2.632918915808176,0.7848916840252844,0.00011634755366141114,0.001141349708001264,6.639701191938838e-08
6.247374048727229,0.13178021944621518,4.165658284822921,39.12116821488817,82.6758582633554
4.792820955332481,0.771160404458109,5.225101810855884,34.6673396234868,103.11377054547248
9.034045399692774,0.2822325041487137,0.546344200009723,5.314155700681855,1.4558086759995206
8.356992055645968,0.9622661321074422,9.730781629723328,57.41141246613587,330.43157911184335
4.076356165280884,0.4311466761718761,2.261253312496719,19.72959904020373,23.19514134215953
3.3348109008816325,0.3942384547042712,3.0419871963628085,25.065328498249794,40.40433863208466
4.417231673505402,0.23399924529920021,3.0394251225502735,27.540154135997454,42.97576906820484
6.31265448263327,0.37504379394119336,2.304166621173499,21.12495682888213,24.892817201388084
3.4125727674058863,0.8889856856453805,0.01473822086311416,0.14430475105290308,0.0010640781057530413
6.617340170642207,0.9967009038645226,7.293447940879964,43.41899650193604,186.76011732891521
4.684704869721164,0.43147857745616347,9.668454997992853,62.793168296387336,348.02489764276345
5.968424627667822,0.5037495678590883,2.242934832850451,20.045921120594688,23.189729117998667
4.92513876221785,0.7498638443824633,6.630471918034225,40.95334403293321,158.23459471264124
3.650191835877259,0.8975762024185671,7.418963269587151,33.458395563363844,159.91010837811424
9.53607976265941,0.6337399007681057,8.484253790905248,63.618633551629166,295.1062504257568
7.872452147437848,0.4523731283600464,4.226291970136091,36.80950950963677,80.9291379909738
2.261018581898073,0.47135965676376135,3.0293090564042924,22.032888197745425,36.86166013237148
8.816211783081215,0.7260563318471261,3.252951340230311,27.9944318097443,47.562818132784344
5.386880784245623,0.10289643724385082,7.126213330985128,65.35893839780991,238.16252708928732
9.050970042046822,0.6576304037138566,8.16779466505636,60.43105303081455,271.0625426012002
8.198697303525837,0.4199437093972217,1.8161396775660266,17.01276512271196,15.688262468662117
4.8269215402231005,0.8147775981493758,3.7094100815776523,27.044566436667292,55.36033157461793
1.2022237748810567,0.18369157584081897,9.0194019674915,48.021311100591504,264.79602113072536
3.4180962344645147,0.6293820402535515,8.066935196947393,41.21418579127676,205.95214050877667
5.874707931947802,0.5328756008975114,9.848584027624758,63.88578879010965,360.8201636433039
6.701303978435325,0.6780929733147046,7.542482596820808,51.754023360755376,219.76602104764947
3.3209891688988207,0.1583682350346715,3.9319520102792227,35.17202794214582,71.30699053229569
2.254204666655417,0.6219854086853182,5.906378339946378,28.58542602024114,106.39278549779709
8.514372131193692,0.6053361291635714,6.610142542473203,51.73922809448846,184.34660804175257
9.85961962633197,0.6045940849745538,0.7845581631712395,7.514312227311934,2.971341936336202
5.731211640724172,0.6431388999368093,5.444969591038651,39.96857121293033,119.82667904979257
2.5451135726347314,0.708821143503726,7.093208284726096,30.338666132208598,140.91676416191132
3.4507659386743206,0.8244900997126928,1.6732130400106038,13.529986775000946,12.071477277977344
1.1655160889272005,0.3428386481153929,7.806317174255572,29.993894427185822,158.3742749625403
9.228689259044492,0.8425444691620558,5.8377278051411166,44.39248320744252,141.03131751024347
2.05975974601127,0.5484301140371083,9.522217856975946,33.92459220817516,223.4227048852129
6.188648279628282,0.16935245122089804,0.42422298206891695,4.137564765438627,0.8793230667143348
3.466496986184854,0.15269583631958128,2.6532613755546697,24.565036355590955,33.22338029996763
5.9876020226421405,0.4008144868264547,6.015538792998241,48.57714940264161,155.88842856767133
6.862783495166778,0.8064072794003208,2.9655991220593068,24.56445377671627,38.5353525868737
8.467676233364815,0.7369128412668242,7.144241640712422,52.19019144839385,205.62477060938863
2.8577914458454288,0.8097534682051658,7.59005282521931,30.59127059027352,154.816452363704
1.0989624579263242,0.5655421507974484,1.0251596406647445,7.814957406757401,4.356383531828126
2.2319706706192655,0.49617909815994155,5.138544642067677,30.048147621953614,91.59011312785245
9.100167776632945,0.23270727403565555,5.088905555910559,46.810354871743684,121.68928004055329
8.865010698062637,0.39537347824838043,3.6928077021554104,33.40050194989832,63.36288083912723
6.376717919532775,0.4906174295564878,9.32924862569672,65.30323333521918,340.7471139029701
6.40465174390288,0.17974038671165551,8.275063198732212,72.44148475992904,311.3196103665623
6.9853300709163,0.29855075744009013,6.972093819096368,59.14679454461723,216.413559237875
2.5783415076110465,0.6384027646573649,7.143266357349976,32.86256164166638,150.29307804894304
9.229707513324637,0.7620968028152708,4.617161438131191,37.660490782335536,92.4532444448435
4.768934724028658,0.9985127602536547,9.209945210965758,40.04118595896698,240.27470998812464
4.448246754245477,0.9398019982092018,6.945954272532854,35.729763079334035,153.40241091454996
5.670259347545538,0.6783086795816724,7.289810616558165,47.719652696485205,198.89866223283178
1.4226937009754954,0.47912324796466477,8.616909037873452,27.529804915779653,169.26018552103116
2.4965503188047147,0.6725596282374094,2.74071589342191,19.011897530149437,29.23034335287089
7.642302547837334,0.8070864562722088,8.07070903866703,53.280323438408864,245.18399155688047
1.7451880113261382,0.2065025718310486,1.9524060295649204,17.10167728815822,17.336945436182674
6.428368985197494,0.46891440072665946,3.453419522448878,29.94779827847456,53.879939284702346
3.2081419871318886,0.8558220570720555,3.356104542698427,21.752183860012792,41.87646361380379
4.503660526377789,0.4454496567397396,9.785254683891406,61.50306430361762,348.7095093660689
3.598243630936299,0.6146850441044679,8.565372237479268,44.132248646330716,233.5318282237398
4.201054448184542,0.6289924247759784,7.011698615902597,42.58848786060628,174.96550934182721
7.471413146658209,0.2660286278202754,7.270567616153901,62.8398127428376,238.28590712032678
3.6740954406085753,0.4260118974870596,5.6207279440257105,40.51356315258133,126.13850576109223
6.097641762672074,0.4010601598677389,9.47090667108519,69.15002423395457,361.23594928925445
5.284453619791897,0.12357703767885832,4.962587528823615,45.964324886900314,116.25643770472561
6.973040488263833,0.12177258750221973,3.8051770986989455,36.11553974875363,69.47396567063561
9.431467653922821,0.8485273393081961,1.63035336931591,14.8760982723142,12.422996583227274
7.593148874892252,0.3457637289755312,7.86205652261058,64.83080233374373,270.0258566634309
2.934463407316811,0.5662708896149339,7.344439320755915,38.51488483076868,173.77634656747026
1.2806482155515622,0.36885301622989575,3.8435503852413486,22.80178518118461,51.74437580801195
3.360376398698426,0.9466113206038065,0.2519341395922936,2.385812832725457,0.3040883349693786
6.355701376302293,0.33336708297919637,8.389973277180108,66.58383149367613,299.73897062175024
1.462832321358253,0.4866911314650416,0.11417983454073632,1.0990956913462302,0.06314454820108617
5.467296224811127,0.8854572254361417,7.0369977962905095,41.19389554448949,171.8935077905497
6.371585640252003,0.8577402101126278,9.70257109726057,53.1339560988488,312.3488056311521
4.008195017352648,0.2674912760616496,4.376613281482035,37.232814502540506,85.43745249742528
7.938209833712397,0.8223789788161394,2.349734049959528,20.45973688663725,25.011735260955447
1.9593842782039461,0.5123681980641034,7.0487101004338175,31.576102572687116,143.6808213729683
1.6762400356222789,0.5346719848768197,8.171281420155852,28.48542807179892,162.00482267836142
7.55369880583243,0.2201319751743494,5.464303160778473,49.554552135250404,138.98234566559904
5.459421845855786,0.1725413623814122,9.670352752561461,81.73999987647716,415.3279369395991
7.195621567849624,0.7551453762763887,0.516687216579611,4.933729998807772,1.2861159672982723
4.913446047433716,0.5468150371197698,5.047955983045282,37.88703824844818,104.53284608745508
3.2176182991519613,0.4931656323536616,7.184539473225501,42.724340173543396,181.09167002023008
8.371920859067798,0.756557405787157,8.626404711491789,58.77089725944598,286.09693510058
8.194742910720812,0.7889616090919988,1.7925561190779005,16.151210712093167,14.89214928414475
7.252268237689841,0.24301735090241822,8.000034817636815,68.84127670663706,287.6547029455646
3.449306235069664,0.6492026345298771,5.527070757185452,33.70405157186036,109.00715880949454
6.312076001821784,0.22181867404991698,3.965536819899632,36.31294190576636,73.67189711261176
4.248765072460241,0.7762375774261411,1.3171502857909356,11.48411298235402,7.866191408220153
1.8242386599397074,0.6912596406404256,8.652957589089125,24.913406539348376,158.26677911257755
9.255822179160186,0.9609531589751121,1.5727320817971535,14.23474093175488,11.49820623382692
2.2313676782706526,0.16206221472077909,3.0978785920909924,27.21396279791518,43.732146154880525
9.552136184387223,0.1513492490361289,2.9004553196243688,27.809558875262972,40.63908564389499
5.014051956621602,0.35396836722388014,8.714140341908543,63.84637257517439,306.52681444791176
